source, target
2, 4
2, 5
2, 6
7, 8
9, 10
9, 11
9, 12
13, 14
13, 15
13, 16
13, 17
13, 18
13, 19
20, 21
22, 23
24, 25
24, 26
24, 27
28, 29
28, 30
28, 31
28, 32
28, 33
28, 34
28, 35
28, 36
28, 37
28, 38
39, 40
39, 41
42, 43
44, 45
46, 47
48, 49
50, 51
52, 53
54, 55
56, 57
58, 59
58, 60
61, 62
61, 63
64, 65
66, 67
68, 69
68, 70
68, 71
68, 72
68, 73
68, 74
68, 75
68, 76
68, 77
78, 79
80, 81
80, 82
83, 84
85, 86
85, 87
85, 88
85, 89
85, 90
91, 92
93, 94
95, 96
97, 98
97, 99
97, 100
101, 102
103, 104
105, 106
107, 108
109, 110
111, 112
113, 114
115, 116
117, 118
117, 119
117, 120
121, 122
123, 124
125, 126
125, 127
128, 129
128, 130
128, 131
132, 133
132, 134
135, 136
137, 138
137, 139
137, 140
141, 142
141, 143
141, 144
145, 146
147, 148
149, 150
151, 152
151, 153
151, 154
151, 155
156, 157
158, 159
160, 161
162, 163
164, 165
164, 166
167, 168
169, 170
171, 172
173, 174
175, 176
177, 178
179, 180
181, 182
183, 184
185, 186
187, 188
189, 190
191, 192
193, 194
195, 196
195, 197
195, 198
195, 199
195, 200
195, 201
195, 202
203, 204
205, 206
207, 208
209, 210
211, 212
213, 214
215, 216
217, 218
219, 220
221, 222
223, 224
225, 226
227, 228
229, 230
231, 232
233, 234
235, 236
237, 238
239, 240
241, 242
243, 244
245, 246
247, 248
249, 250
251, 252
253, 254
255, 256
257, 258
259, 260
259, 261
259, 262
259, 263
264, 265
264, 266
267, 268
267, 269
267, 270
267, 271
272, 273
274, 275
274, 276
277, 278
277, 279
277, 280
281, 282
281, 283
284, 285
286, 287
288, 289
290, 291
292, 293
294, 295
296, 297
296, 298
296, 299
300, 301
300, 302
300, 303
300, 304
300, 305
300, 306
300, 307
300, 308
300, 309
300, 310
311, 312
313, 314
315, 316
317, 318
317, 319
317, 320
321, 322
323, 324
325, 326
327, 328
329, 330
331, 332